rank,title,release_year,country,movie_id,image_url
1,그녀,2013,미국,mWyzmNO,https://an2-img.amz.wtchn.net/image/v2/jpGyE1obJhgs9Z7QQP4YBA.jpg?jwt=ZXlKaGJHY2lPaUpJVXpJMU5pSjkuZXlKdmNIUnpJanBiSW1SZk5Ea3dlRGN3TUhFNE1DSmRMQ0p3SWpvaUwzWXhMMmxvZG5Kd2NqQnJkbVI2WVRkc2VXbG5aM04wSW4wLnRQMWRVZmgxamkxRmxIeUg3dDd4RnFKWS13V0Q3NnA5N0FSc3lFdVBiRlE=
2,파수꾼,2010,한국,mpWpBad,https://an2-img.amz.wtchn.net/image/v2/vFjoITmJJbdoUFQ1JqBIJA.jpg?jwt=ZXlKaGJHY2lPaUpJVXpJMU5pSjkuZXlKdmNIUnpJanBiSW1SZk5Ea3dlRGN3TUhFNE1DSmRMQ0p3SWpvaUwzWXhMM0pyY210NmFubDBOR1poWlRneFpXOXZhbWhpSW4wLk1nOWI1N2VMQnZ4Zmg2TDhQWHhwWUw0SVJRa1BFMGM5djk5UWZQUDBlaWM=
3,시맨틱 에러: 더 무비,2022,한국,m5ZlbBL,https://an2-img.amz.wtchn.net/image/v2/tkmsakQ3xtdo7JXj6Gogqw.jpg?jwt=ZXlKaGJHY2lPaUpJVXpJMU5pSjkuZXlKdmNIUnpJanBiSW1SZk5Ea3dlRGN3TUhFNE1DSmRMQ0p3SWpvaUwzWXlMM04wYjNKbEwybHRZV2RsTHpFMk5UZzRPREF6TXpjeU5qY3dNREkxTXpraWZRLjU3cGhtemxyblpFdW5jU1BfZy1ycUhNU1VjV19WTDlLSjJITmh3anJPVWM=
4,극장판 하이큐!! 쓰레기장의 결전,2023,일본,m5agbKl,https://an2-img.amz.wtchn.net/image/v2/l1V6C2r5FbhlZc7bd13z6w.jpg?jwt=ZXlKaGJHY2lPaUpJVXpJMU5pSjkuZXlKdmNIUnpJanBiSW1SZk5Ea3dlRGN3TUhFNE1DSmRMQ0p3SWpvaUwzWXlMM04wYjNKbEwybHRZV2RsTHpRd05Ua3lOalF6TkRrek56RTRNQ0o5Lmg4Mmhxc0dpaW1tV2dPOFlZemE4Mi1iaG5aUVRybUhWS1FYWjY1Qk16cWc=
5,명탐정 코난: 시한장치의 마천루,1997,일본,mOP7XpW,https://an2-img.amz.wtchn.net/image/v2/2_eplSpzKY8lENgdCA2m2g.jpg?jwt=ZXlKaGJHY2lPaUpJVXpJMU5pSjkuZXlKdmNIUnpJanBiSW1SZk5Ea3dlRGN3TUhFNE1DSmRMQ0p3SWpvaUwzWXlMM04wYjNKbEwybHRZV2RsTHpFek5Ea3dNamMxTkRNME5ETTBNRGtpZlEuem1Mb3dZSWQtUFdTUmpTeUFrUHRKNURSYmFPbUIyTVBmOXhvUGtzaTUtUQ==
6,오늘도 괴롭히는 도시락,2019,일본,mdREYEv,https://an2-img.amz.wtchn.net/image/v2/U-r7RljCujXMQ1v0U6qFnw.jpg?jwt=ZXlKaGJHY2lPaUpJVXpJMU5pSjkuZXlKdmNIUnpJanBiSW1SZk5Ea3dlRGN3TUhFNE1DSmRMQ0p3SWpvaUwzWXlMM04wYjNKbEwybHRZV2RsTHpNMk9EVTJORFkzTlRJek5UZzJNU0o5LndWNDFOQkpSTEd6eXhCTWhNUTdiSkhBdjBpWGRYaDdlNFVVTGVybmV1VHM=
7,우리 연애 시뮬레이션,2023,한국,mO1jAbP,https://an2-img.amz.wtchn.net/image/v2/3j70iehgY8f7fWSGG66QXQ.jpg?jwt=ZXlKaGJHY2lPaUpJVXpJMU5pSjkuZXlKdmNIUnpJanBiSW1SZk5Ea3dlRGN3TUhFNE1DSmRMQ0p3SWpvaUwzWXlMM04wYjNKbEwybHRZV2RsTHpjNE5qTTBOalF4TkRrNE56Z3dNeUo5LlQwS21lRmtKcm1qX0lNQmJmZHBZRFlwX3Y3VUhrUzI1RGpVYzVwc2QxTkU=
8,몽블랑의 여자,2020,일본,mO07897,https://an2-img.amz.wtchn.net/image/v2/2DlSSgOd2iXp4AuNVLt7GQ.jpg?jwt=ZXlKaGJHY2lPaUpJVXpJMU5pSjkuZXlKdmNIUnpJanBiSW1SZk5Ea3dlRGN3TUhFNE1DSmRMQ0p3SWpvaUwzWXlMM04wYjNKbEwybHRZV2RsTHpFek16RXhNVE13TXpFek9Ua3lOVFV6SW4wLlZpdTFnOFZwUm1MclNxb280R3NQOEVvYUtEc0JlSUtyNzc2b0k5LW85UkU=
9,크로우즈 제로,2007,일본,m5QqX75,https://an2-img.amz.wtchn.net/image/v2/MVbHDXT4DqborzeJgFKGdQ.jpg?jwt=ZXlKaGJHY2lPaUpJVXpJMU5pSjkuZXlKdmNIUnpJanBiSW1SZk5Ea3dlRGN3TUhFNE1DSmRMQ0p3SWpvaUwzWXhMMjF2ZG1saGJETjFOR2MxWVc5bmVYZGpaMjl3SW4wLnlYX3RFTkZudjNtME12THY1V2ZYN25mZGhWOS0zd194VWhxYkxkU1c3NjQ=
10,오만과 편견,2005,영국,mOk6ZMW,https://an2-img.amz.wtchn.net/image/v2/efivnI-PuBxA2-spKB3JIg.jpg?jwt=ZXlKaGJHY2lPaUpJVXpJMU5pSjkuZXlKdmNIUnpJanBiSW1SZk5Ea3dlRGN3TUhFNE1DSmRMQ0p3SWpvaUwzWXhMMjE0Ym5Sb1ptVnZOMko2ZUdwcGIyWXhhelYwSW4wLmN0WnJZMVpvYURNWm9QdkZsYlJScUlILW9kcEdZZmJnT1p3czd6bWRUTDg=
